{"version":1,"bias":0.5074835363585357,"wTrendBoost":0.55,"wTrendProfile":0.3088716490933781,"wMeta":0.5598319632649862,"wTape":-0.1851113027427655,"wRug":-0.9329466297601151,"wNarr":0.49358519158796016,"wFlow":0.17471517192466177,"wHorizonDiv":-0.4301381132457943,"updates":82}
