{"version":1,"order":["cmnr147uw1bduzvqhgbqtxi8a","cmnr15i5k1bgnzvqh5u4ey8g8","cmnr16shp1bjgzvqhg2ml0iih","cmnr182uw1bm9zvqh12brw6qs","cmnr19d2w1bp2zvqh4fx1jgft","cmnr1eib81c00zvqhltlhtb9l","cmnr1h2w51c5nzvqhyxtj6vqo","cmnr1id6e1c8ezvqhz25ii1y3","cmnr1jngz1c8gzvqhv959njlv","cmnr1kxpv1c8izvqhj4xjhq0n","cmnr1rd6p1cm2zvqhg58adzf7","cmnr1snj71cowzvqhjt8vyu0z","cmnr1txtb1crozvqhukzzgba9","cmnr86uj71p9bzvqhiqwr6zmw","cmnr884t61pc5zvqh1r2krrfl","cmnr89f6p1peyzvqhj8h5wrqs","cmnr8ape51phszvqh3bpsjkzd","cmnr8bzq51pkmzvqh7leidfgf","cmnr8da0i1pnfzvqhq2tqqiy7","cmnrfarho23b6zvqhpvp5eyf1","cmnrfh6zz23p4zvqhwouju4hg"],"byId":{"cmnr147uw1bduzvqhgbqtxi8a":{"mint":"7jYdkPDj1Y54cV47ue6DRCiXRttPTfzZqBCqNbg7pump","f":{"trendBoost":0,"trendProfile":0,"meta":0,"tape":0.9791512723442848,"rug":0,"narr":0.9065286661177839,"flow":0.24112607099143202,"horizonDiv":0.9999999999918692,"directionScore":0.3376119816022511},"ts":1775712630965},"cmnr15i5k1bgnzvqh5u4ey8g8":{"mint":"63d6d8KXRBvJCJETQCg6gYaPs8Y2dtm87PakYwNJpump","f":{"trendBoost":0,"trendProfile":0,"meta":0,"tape":1,"rug":-0.99,"narr":0.8853516482022625,"flow":0.368421052631579,"horizonDiv":0.9999952475733451,"directionScore":0.3980489617147267},"ts":1775712634112},"cmnr16shp1bjgzvqhg2ml0iih":{"mint":"9szoGmNFBovAWcLpk9AgoNj9PDN974dyxZY2RWRHpump","f":{"trendBoost":0,"trendProfile":0,"meta":0,"tape":-0.5816110173034826,"rug":-0.99,"narr":0,"flow":0.17647058823529416,"horizonDiv":-0.9059581292944849,"directionScore":-0.06900422698201468},"ts":1775712637914},"cmnr182uw1bm9zvqh12brw6qs":{"mint":"9uHmMGdKa5KvRqUsBQvyWCPMiyVWM9jqFGNALsZZpump","f":{"trendBoost":0,"trendProfile":0,"meta":0,"tape":-0.535646649974689,"rug":-0.99,"narr":0.7321442233518527,"flow":0.17647058823529416,"horizonDiv":-0.9616956109636933,"directionScore":0.05447904759381162},"ts":1775712654472},"cmnr19d2w1bp2zvqh4fx1jgft":{"mint":"98dNFeSKWwRLfAmchCP1ASwQaa1UhTJ3zynyEhvHpump","f":{"trendBoost":0,"trendProfile":0,"meta":0,"tape":0.8499259908365422,"rug":0,"narr":0.9065286661177839,"flow":-0.04152249134948094,"horizonDiv":0.591194246890664,"directionScore":0.29231555605288145},"ts":1775712683816},"cmnr1eib81c00zvqhltlhtb9l":{"mint":"8PxqLdMzxpRucBChjGLcRmURSSeyK769zZnk2xsmpump","f":{"trendBoost":0,"trendProfile":0,"meta":0.9025754241223592,"tape":-0.5496469081219849,"rug":-0.99,"narr":0.79205527771202,"flow":0.3793103448275863,"horizonDiv":-0.9659030818837359,"directionScore":0.5121622555022849},"ts":1775712699465},"cmnr1h2w51c5nzvqhyxtj6vqo":{"mint":"2GTE8eueAz8ySBP2Qw7YAK2meL3swXAy5GaA5QYipump","f":{"trendBoost":0,"trendProfile":0,"meta":0.9025754241223592,"tape":-0.5108754750900079,"rug":-0.99,"narr":0.79205527771202,"flow":0.4782608695652173,"horizonDiv":-0.9323078418728529,"directionScore":0.5243263751218604},"ts":1775713264771},"cmnr1id6e1c8ezvqhz25ii1y3":{"mint":"ErDn1dpwAXYBL88wr2tEV3H58wrB3i6jL9UDFomVpump","f":{"trendBoost":0,"trendProfile":0,"meta":0.4337336040585047,"tape":-0.6369531204448982,"rug":-0.99,"narr":0.3799489622552249,"flow":0.06666666666666665,"horizonDiv":-0.9750629278150433,"directionScore":0.1955472075748352},"ts":1775713267987},"cmnr1jngz1c8gzvqhv959njlv":{"mint":"J1dirXv2vW86W8iJCDnuQxrv8XR5FVN4EHLj8ZV4pump","f":{"trendBoost":0,"trendProfile":0,"meta":0.6089778451597275,"tape":-0.5528038750608317,"rug":-0.99,"narr":0.9019078903351664,"flow":0.1333333333333333,"horizonDiv":-0.9791692045557898,"directionScore":0.37982859951432657},"ts":1775713297569},"cmnr1kxpv1c8izvqhj4xjhq0n":{"mint":"Chkn43RzgfPYE9ZAbtQ55UQstUCNMnXuqg1BRBZypump","f":{"trendBoost":0,"trendProfile":0,"meta":0.4337336040585047,"tape":-0.5188553128929198,"rug":-0.99,"narr":0.3799489622552249,"flow":0.25,"horizonDiv":-0.971114082688601,"directionScore":0.21983309533975723},"ts":1775713327548},"cmnr1rd6p1cm2zvqhg58adzf7":{"mint":"AfDbzrui3nVtUx4HDiR1CQQjorYCgzAEXVZEdSwSpump","f":{"trendBoost":0,"trendProfile":0,"meta":0,"tape":-0.44080362695315506,"rug":-0.99,"narr":0.79205527771202,"flow":0.5263157894736843,"horizonDiv":-0.9605520774826751,"directionScore":0.09259396807644656},"ts":1775713329979},"cmnr1snj71cowzvqhjt8vyu0z":{"mint":"8nYQwogtAxmCu9cMuCwJRGKADyB1JUNBaqbGXAY5pump","f":{"trendBoost":0,"trendProfile":0,"meta":0,"tape":-0.5694513037700004,"rug":-0.99,"narr":0.8336546070121552,"flow":0.2666666666666666,"horizonDiv":-0.9360621591725824,"directionScore":0.07192596984311152},"ts":1775713332806},"cmnr1txtb1crozvqhukzzgba9":{"mint":"kb7rh1iQz5Bq7JUjCpNoeajYG54gRTh8476mrQcpump","f":{"trendBoost":0,"trendProfile":0,"meta":0,"tape":-0.5696106194497572,"rug":-0.99,"narr":0.6769862914070309,"flow":0.06666666666666665,"horizonDiv":-0.9751735026844741,"directionScore":0.09527831743349445},"ts":1775713458943},"cmnr86uj71p9bzvqhiqwr6zmw":{"mint":"CXN9MbAE4HgUNbinXeSeTfJ8a94VQDDuajZ2fNUQpump","f":{"trendBoost":0,"trendProfile":0,"meta":0,"tape":1,"rug":0,"narr":0,"flow":0.3633633633633633,"horizonDiv":0.9998132885497312,"directionScore":0.29753315902307104},"ts":1775724121938},"cmnr884t61pc5zvqh1r2krrfl":{"mint":"3RAp4RUMP9DNja7yVcviDZYTczHXDyojwZFiAzh4pump","f":{"trendBoost":0,"trendProfile":1,"meta":0,"tape":0.9728640313956436,"rug":0,"narr":0.9065286661177839,"flow":0.228200371057514,"horizonDiv":0.9999904823023158,"directionScore":1},"ts":1775724125055},"cmnr89f6p1peyzvqhj8h5wrqs":{"mint":"HNF3GWJPGz9beosbXwgnowxoMN3PtGhVKs8hvMCSpump","f":{"trendBoost":0,"trendProfile":0,"meta":0,"tape":0.7895022744630582,"rug":-0.99,"narr":0.8187260851825043,"flow":0.654320987654321,"horizonDiv":0,"directionScore":0.46568956732040495},"ts":1775724136925},"cmnr8ape51phszvqh3bpsjkzd":{"mint":"4TgPrxgFC3bLdmeaCf1LaxHwvbjCNW2VL9dgQLPTpump","f":{"trendBoost":0,"trendProfile":0,"meta":0,"tape":-0.2916723703986781,"rug":0,"narr":0.6432138623546135,"flow":-0.030303030303030276,"horizonDiv":-0.4036485256171474,"directionScore":0.21697584239614523},"ts":1775724159942},"cmnr8bzq51pkmzvqh7leidfgf":{"mint":"4m3zmMiYMreu3Eszm1vT9e7MqYFAamHtnP1vqHSdpump","f":{"trendBoost":0,"trendProfile":0,"meta":0.9655501470399251,"tape":-0.09496139440974917,"rug":-0.99,"narr":0.6769862914070309,"flow":0.33333333333333326,"horizonDiv":-0.369634765478602,"directionScore":0.8456403652142997},"ts":1775724222598},"cmnr8da0i1pnfzvqhq2tqqiy7":{"mint":"3siuDM2uzS6VfhBXMgSrTJengwDtE6jZfPkmNJc9pump","f":{"trendBoost":0,"trendProfile":0,"meta":0.7736469080199122,"tape":1,"rug":0,"narr":0.4574784380294028,"flow":0.16346153846153855,"horizonDiv":0.9994907683147682,"directionScore":0.7062084003388858},"ts":1775724266064},"cmnrfarho23b6zvqhpvp5eyf1":{"mint":"FrRpoHqMxxhuy2BxpPuTzdK9U73nAjwQ5Y9gPf2zpump","f":{"trendBoost":0,"trendProfile":0,"meta":0,"tape":1,"rug":-0.99,"narr":0.6640367702678489,"flow":0.20930232558139528,"horizonDiv":0.9999999999999996,"directionScore":0.48290993723746195},"ts":1775736466950},"cmnrfh6zz23p4zvqhwouju4hg":{"mint":"5W5ZEpBsKBVN7HHT6jaxtbiGwQgdiAYVEQNsotdrpump","f":{"trendBoost":0,"trendProfile":1,"meta":0,"tape":-0.09521034996881,"rug":0,"narr":0.79205527771202,"flow":-0.011536126290224602,"horizonDiv":-0.053449014913696455,"directionScore":0.9754686661925144},"ts":1775736469165}}}
